<?xml version="1.0" encoding="UTF-8"?>
<Configuration status="INFO" monitorInterval="30">
    <Properties>
        <Property name="LOG_PATTERN">%d{yyyy-MM-dd'T'HH:mm:ss.SSSZ} %p %m%n</Property>
        <Property name="APP_LOG_ROOT">c:/temp</Property>
    </Properties>
    <Appenders>
        <Console name="console" target="SYSTEM_OUT">
            <PatternLayout pattern="${LOG_PATTERN}" />
        </Console>

        <RollingFile name="file"
                     fileName="${APP_LOG_ROOT}/SpringBoot2App/application.log"
                     filePattern="${APP_LOG_ROOT}/SpringBoot2App/application-%d{yyyy-MM-dd}-%i.log">
            <PatternLayout pattern="${LOG_PATTERN}" />
            <Policies>
                <SizeBasedTriggeringPolicy size="19500KB" />
            </Policies>
            <DefaultRolloverStrategy max="1" />
        </RollingFile>

    </Appenders>
    <Loggers>
        <Root level="info">
            <AppenderRef ref="console" />
        </Root>
    </Loggers>
</Configuration>